,imagename,accuracy,F1,jaccard,preceision,recall
0,mask\faceMask1_ttt_100_0_1.jpg,0.967193603515625,0.9647240270394434,0.9318520396843006,0.9373186673043201,0.9937802116080181
1,mask\faceMask1_ttt_117_1_2.jpg,0.9657440185546875,0.9543392926149652,0.9126663035867113,0.9364173385487348,0.9729606436362128
2,mask\faceMask1_ttt_136_1_2.jpg,0.9600067138671875,0.9247466191966465,0.8600267022696929,0.8821692686935086,0.9716423313623748
3,mask\faceMask1_ttt_160_0_1.jpg,0.9572601318359375,0.9514667405957064,0.9074263806722411,0.9158105403602401,0.9900118991814806
4,mask\faceMask1_ttt_173_0_1.jpg,0.972930908203125,0.9720242225446288,0.9455711349062682,0.96587062805566,0.9782567293042154
5,mask\faceMask1_ttt_175_0_1.jpg,0.964080810546875,0.9564912021292326,0.916610577774629,0.9247346413637826,0.990506450254565
6,mask\faceMask1_ttt_181_0_1.jpg,0.9697418212890625,0.9649429859453725,0.9322607091617134,0.9415559772296015,0.9895213923132705
7,mask\faceMask1_ttt_184_0_1.jpg,0.960235595703125,0.9559410292824779,0.9156006088674418,0.9274653894101437,0.9862206097816228
8,mask\faceMask1_ttt_196_1_2.jpg,0.9720916748046875,0.9645425818583643,0.9315135175615966,0.9382944216044959,0.9923015556441962
9,mask\faceMask1_ttt_212_0_1.jpg,0.9602508544921875,0.9508851976847226,0.9063690604557545,0.925394495412844,0.9778200007755244
10,mask\faceMask1_ttt_214_0_1.jpg,0.970428466796875,0.966293307360512,0.934784803311236,0.9598493486748902,0.9728243740150586
11,mask\faceMask1_ttt_226_1_2.jpg,0.96533203125,0.9558800683548236,0.9154887665525964,0.9239432389819056,0.9901037895244992
12,mask\faceMask1_ttt_236_1_2.jpg,0.957763671875,0.9541402962324795,0.9123023793682477,0.9256461360421756,0.9844444444444445
13,mask\faceMask1_ttt_6302_0_1.jpg,0.9630279541015625,0.9434446700744579,0.8929439314275616,0.9015479323727528,0.9894252423381964
14,mask\faceMask1_ttt_6342_0_1.jpg,0.9559478759765625,0.9513161666750982,0.90715250530649,0.9137054193255807,0.9921561730566303
15,mask\faceMask1_ttt_6371_1_2.jpg,0.9621429443359375,0.9432044502438018,0.8925136469976606,0.9049815498154982,0.9847985085329126
16,mask\faceMask1_ttt_6373_1_2.jpg,0.9649505615234375,0.9545103475591643,0.9129792392786786,0.927562449482314,0.9830708982622175
17,mask\faceMask1_ttt_6375_0_1.jpg,0.9699859619140625,0.960035758548528,0.9231430469268941,0.9350166218141522,0.986430629201286
18,mask\faceMask1_ttt_6379_0_1.jpg,0.9673004150390625,0.9603023173962174,0.9236361044792075,0.9294320137693631,0.9932937344318835
19,mask\faceMask1_ttt_6391_0_1.jpg,0.9649810791015625,0.9519019176359635,0.9082183563287343,0.9333388130856485,0.971218406534662
20,mask\faceMask1_ttt_6446_0_1.jpg,0.9537200927734375,0.9474195170154118,0.9000922326899006,0.9070238332337516,0.9915810864753057
21,mask\faceMask1_ttt_6501_0_1.jpg,0.9711456298828125,0.9667820190770636,0.9356999557958449,0.943398813809181,0.9913538439368831
22,mask\faceMask1_ttt_6513_1_2.jpg,0.9591827392578125,0.9524114497162476,0.9091464864314098,0.9196097292840456,0.987639744677711
23,mask\faceMask1_ttt_6514_0_1.jpg,0.9653472900390625,0.950205012388449,0.9051338819499561,0.9239691271161145,0.9779743636035385
24,mask\faceMask1_ttt_6567_0_1.jpg,0.9086761474609375,0.9213090182363227,0.8540991199629459,0.9271235776660492,0.9155669375702302
25,mask\faceMask1_ttt_6591_2_3.jpg,0.960479736328125,0.9492097109463858,0.9033293520453867,0.9318496842753735,0.9672288386220126
26,mask\faceMask1_ttt_65_0_1.jpg,0.95098876953125,0.9227438907061767,0.8565687237652942,0.9005633802816901,0.9460445847307161
27,mask\faceMask1_ttt_7392_0_1.jpg,0.9748382568359375,0.9737833669851668,0.9489062403172832,0.9754116635347326,0.9721604977461749
28,mask\faceMask1_ttt_7448_0_1.jpg,0.9683685302734375,0.9691852600597565,0.940212845730107,0.9477570718376602,0.9916048181043923
29,mask\faceMask1_ttt_7467_0_1.jpg,0.956817626953125,0.950669362710919,0.9059769427555733,0.9154050152740945,0.9887595634359476
30,mask\faceMask1_ttt_7545_0_1.jpg,0.9732666015625,0.9674288901282767,0.9369126066760289,0.9540204597954021,0.9812195949768073
31,mask\faceMask1_ttt_7574_0_1.jpg,0.952789306640625,0.9464372273388268,0.8983206809293766,0.9239167173663219,0.9700830435091206
32,mask\faceMask1_ttt_7790_0_1.jpg,0.952117919921875,0.9417356752942924,0.8898870096147098,0.9010161301783557,0.9863098942128189
33,mask\faceMask1_ttt_7985_0_1.jpg,0.9655609130859375,0.953485975722853,0.9111067349350138,0.9255421301112267,0.9831697054698457
34,mask\faceMask1_ttt_82_0_1.jpg,0.962371826171875,0.9597085157832822,0.9225380870111513,0.9293987341772152,0.9920618835292528
35,mask\faceMask1_ttt_83_0_1.jpg,0.9571075439453125,0.9493577386635921,0.9035975170616276,0.9088964779744041,0.993589260125198
36,mask\faceMask1_ttt_92_2_3.jpg,0.969970703125,0.9651545734622331,0.9326557848270198,0.9426881571665744,0.9887179859246898
37,mask\faceMask1_ttt_96_2_3.jpg,0.9697113037109375,0.9719723818533528,0.945473024942314,0.9525905014945201,0.9921593496872387
38,mask\faceMsak_caiyilin_0_0_5.jpg,0.9533538818359375,0.9266361083779308,0.8633009882395027,0.8812306006938104,0.9769748494509387
39,mask\faceMsak_chenweiting_1_0_12.jpg,0.971221923828125,0.9628286491387127,0.9283216783216783,0.949246074926162,0.9768055666640006
40,mask\faceMsak_chenweiting_1_0_17.jpg,0.931915283203125,0.8982764909720956,0.8153374994826801,0.9559879658385093,0.8471362229102167
41,mask\faceMsak_chenxiang_0_1_4.jpg,0.9674072265625,0.940925936169036,0.8884420535854181,0.9077859010619563,0.976577300648717
42,mask\faceMsak_chenxuedong_0_0_3.jpg,0.9568939208984375,0.9592169657422511,0.9216300940438872,0.9329663849026931,0.9869875222816399
43,mask\faceMsak_chenyanxi_1_0_13.jpg,0.7490081787109375,0.6806577491312198,0.5159068836634392,0.8416554637987325,0.5713633845050683
44,mask\faceMsak_dengchao_0_0_7.jpg,0.975555419921875,0.967449609882965,0.9369514738872053,0.9594180704441041,0.9756167527251864
45,mask\faceMsak_denglun_0_0_12.jpg,0.9610443115234375,0.9535590198824878,0.9112401348955255,0.9265085368871293,0.9822365462449408
46,mask\faceMsak_dilireba_0_0_2a30011513926397f286f6b6107948f1.jpg,0.87969970703125,0.818516642880162,0.692787281299926,0.6996300960176295,0.9860787576261786
47,mask\faceMsak_duhaitao_1_0_19.jpg,0.9588623046875,0.8804858586754145,0.7864892690266888,0.8483683581069537,0.9151308514559529
48,mask\faceMsak_ganwei_0_0_0.jpg,0.9691009521484375,0.9478079331941545,0.9007936507936508,0.9160978526231877,0.9817919692439129
49,mask\faceMsak_gaoyuanyuan_0_0_7.jpg,0.9550628662109375,0.9345250005558149,0.8770970703614056,0.8935799319727891,0.9794025816673657
50,mask\faceMsak_guanxiaotong_0_0_8.jpg,0.9583282470703125,0.9505137079384637,0.9056942573983908,0.9175762664427651,0.9859038454309664
51,mask\faceMsak_gulinazha_1_0_19.jpg,0.9489898681640625,0.883967928916039,0.7920631958698762,0.831689634903011,0.9432592592592592
52,mask\faceMsak_guofucheng_0_0_0.jpg,0.9569549560546875,0.9289080416320153,0.8672533057267894,0.9787573021773766,0.883890460889166
53,mask\faceMsak_guojingfei_0_0_4.jpg,0.9546661376953125,0.9366132576646541,0.8807832751494723,0.8959549369362014,0.981137135705346
54,mask\faceMsak_guoxiaofeng_0_0_4e2f9179ly3gbdq9xefr3j20zk0zke74.jpg,0.96319580078125,0.9548449902650891,0.9135917460772373,0.9284596060727418,0.9827739026552083
55,mask\faceMsak_hanxue_0_0_0.jpg,0.961273193359375,0.9513532162845971,0.9072198866751965,0.9228051909418807,0.9817239605997072
56,mask\faceMsak_hanxue_0_0_10.jpg,0.97314453125,0.9712004189029977,0.9440132332357807,0.9633813790416829,0.979147419823149
57,mask\faceMsak_hanxue_0_0_5.jpg,0.967742919921875,0.9630561672084165,0.9287447755157071,0.9465150630345918,0.9801856924335669
58,mask\faceMsak_houminghao_0_0_0.jpg,0.9645538330078125,0.958561515546121,0.9204206776061115,0.930880365866334,0.9879394028533608
59,mask\faceMsak_houminghao_0_0_12.jpg,0.9679107666015625,0.9615953541883525,0.9260314445499631,0.9397151729307206,0.9845187345748261
60,mask\faceMsak_houminghao_0_0_14.jpg,0.9551239013671875,0.9419543292478337,0.8902775705118638,0.9087550934917552,0.9776712553261225
61,mask\faceMsak_houminghao_0_0_47.jpg,0.962432861328125,0.9504727419030375,0.9056198727286667,0.9230649005587466,0.9795579881411453
62,mask\faceMsak_huangbo_0_0_2.jpg,0.9652862548828125,0.9535230546078572,0.9111744494768077,0.9207733280725982,0.9886883579054397
63,mask\faceMsak_huangjingyu_1_0_7.jpg,0.9572601318359375,0.9415691428333021,0.8895896566675864,0.9039855798117364,0.9824133728016716
64,mask\faceMsak_huangjingyu_1_0_9.jpg,0.97369384765625,0.9603021092382794,0.9236357193479802,0.9370000898714838,0.9847926702559743
65,mask\faceMsak_huanglei_1_1_7.jpg,0.985565185546875,0.9863555068366698,0.9730783459973249,0.9960673502680027,0.9768312192892241
66,mask\faceMsak_huangtingting_0_0_24.jpg,0.9694061279296875,0.9566327082387039,0.916870517019777,0.9718730772611409,0.9418629413518463
67,mask\faceMsak_huangzongze_1_0_2.jpg,0.9630889892578125,0.9524819769383385,0.9092750253159809,0.9293874108717319,0.9767535554570727
68,mask\faceMsak_huojianhua_0_0_3.jpg,0.9602813720703125,0.9432440093321414,0.8925844922213511,0.9135833755701976,0.9748952089061161
69,mask\faceMsak_huyanbin_0_0_1.jpg,0.9636688232421875,0.9501705627524434,0.9050713659197831,0.9278590697294204,0.9735815070549385
70,mask\faceMsak_jialing_0_0_0.jpg,0.95611572265625,0.954357900082524,0.9127003399708596,0.9297176958040877,0.9803397346027192
71,mask\faceMsak_jialing_0_1_1.jpg,0.964080810546875,0.9585971577318136,0.920486404323594,0.9486197653775194,0.9687866614525934
72,mask\faceMsak_jianailiang_1_0_1.jpg,0.9761810302734375,0.9674214755295836,0.9368986983588002,0.9570154430588819,0.9780562940456597
73,mask\faceMsak_jiangjinfu_0_0_2.jpg,0.970458984375,0.9084287200832467,0.8322211630123928,0.8588677220284411,0.9640598333500653
74,mask\faceMsak_jiangkaitong_0_0_10.jpg,0.96490478515625,0.9435638219561271,0.8931574302039299,0.9449085905248673,0.9422228756248162
75,mask\faceMsak_jiangkaitong_0_0_4.jpg,0.950653076171875,0.9211642533274828,0.8538503253796096,0.866737006284692,0.9828850855745721
76,mask\faceMsak_jiangminhe_0_0_27.jpg,0.96112060546875,0.9336665625325419,0.8755859375,0.894989019764424,0.9758380496299521
77,mask\faceMsak_jiangxin_0_0_006LvDhLly1g790l62wozj30hs0pl0us.jpg,0.9710693359375,0.9684609754474682,0.9388505450557957,0.9682999035359079,0.9686221009549796
78,mask\faceMsak_jiangxin_0_0_006LvDhLly1g790l6riuhj30hs0pntab.jpg,0.947662353515625,0.9283236511054457,0.8662350830668435,0.9461174766793031,0.9111867744185093
79,mask\faceMsak_jiangxin_0_0_12.jpg,0.9715118408203125,0.9644509606047335,0.931342624940242,0.9433807643596811,0.9864838546332723
80,mask\faceMsak_jinchen_0_0_4.jpg,0.955657958984375,0.9336226587482869,0.8755087178169044,0.8957310659186536,0.974861667620683
81,mask\faceMsak_jingtian_0_0_16.jpg,0.957763671875,0.9305813311932589,0.8701749448900146,0.88326588907403,0.9832529545815889
82,mask\faceMsak_jingtian_1_0_7.jpg,0.94549560546875,0.9350450974687228,0.8780137968717984,0.9568291775213993,0.9142308512908044
83,mask\faceMsak_jinyubin_0_0_0.jpg,0.9591064453125,0.9373099415204678,0.8820162887959498,0.9032912533814247,0.973991249392319
84,mask\faceMsak_jinzhongguo_0_0_8.jpg,0.96575927734375,0.9508692034855716,0.9063399974957218,0.9338178377913477,0.9685548617305977
85,mask\faceMsak_likeqiang_1_0_2.jpg,0.9395751953125,0.9099631667500342,0.8348003837970881,0.8496518342391305,0.9794909446891826
86,mask\faceMsak_lilianjie_1_1_19.jpg,0.9740753173828125,0.9525961887224128,0.9094832179009057,0.9188825492518032,0.9888779470543938
87,mask\faceMsak_liminhao_0_1_8.jpg,0.9828033447265625,0.9831974117752299,0.966950146627566,0.9758212488902042,0.9906859357630021
88,mask\faceMsak_lingengxin_0_0_5.jpg,0.9592132568359375,0.9289719129487418,0.8673646603483353,0.872255489021956,0.9935769908486329
89,mask\faceMsak_linjunjie_0_0_1.jpg,0.9626312255859375,0.9492529890797571,0.903407746312219,0.9149556603019893,0.986221743810549
90,mask\faceMsak_linyoujia_0_0_9.jpg,0.956329345703125,0.9466681574239714,0.8987368644517567,0.9324889867841409,0.9612851952770209
91,mask\faceMsak_linyoujia_0_1_0.jpg,0.9693756103515625,0.951400828147323,0.9073064843894328,0.9132536841615917,0.9928737491155363
92,mask\faceMsak_linzhiling_1_0_14.jpg,0.9748077392578125,0.9546465950608466,0.9132285699269459,0.9191705459162082,0.9929710269158237
93,mask\faceMsak_litaimin_0_0_17.jpg,0.9778289794921875,0.9644351976502263,0.9313132268128959,0.9386345228452999,0.9916943521594684
94,mask\faceMsak_liuchutian_1_0_3.jpg,0.795989990234375,0.5210974998209041,0.3523541949234644,0.3545352634400741,0.9828401567355762
95,mask\faceMsak_liushishi_0_0_4.jpg,0.958984375,0.9540009583133684,0.9120476408612002,0.9259234653202232,0.9838345333898065
96,mask\faceMsak_liushishi_0_0_5.jpg,0.958221435546875,0.9488721242904092,0.9027180671522473,0.9072956468949755,0.9944420525265176
97,mask\faceMsak_liuxiang_1_0_2.jpg,0.9615631103515625,0.9498337084022067,0.9044602897671243,0.9120706800275377,0.9908588523704658
98,mask\faceMsak_lixiang_1_0_19.jpg,0.96612548828125,0.9529202188573609,0.9100741280836068,0.931197413685912,0.9756807226299561
99,mask\faceMsak_lixiaolu_0_0_2.jpg,0.954315185546875,0.9223869763583575,0.8559538128458023,0.864732186254496,0.9882790801022109
100,mask\faceMsak_lixiaolu_1_0_29.jpg,0.9706878662109375,0.9658979957749728,0.9340451829980086,0.9487358326068004,0.9836925079548742
101,mask\faceMsak_liyong_0_0_1.jpg,0.9503173828125,0.9465493466412764,0.8985227201894908,0.9058346686775379,0.9910962906940768
102,mask\faceMsak_lizi_0_1_21.jpg,0.9719696044921875,0.9646261385299725,0.9316693944353519,0.9375631667602471,0.9932979060913706
103,mask\faceMsak_lizi_0_1_24.jpg,0.9638214111328125,0.95016709052313,0.905065065065065,0.9111576910673976,0.9926661104035835
104,mask\faceMsak_lizi_0_4_24.jpg,0.96881103515625,0.9642794729299919,0.9310228461512503,0.9466117687424944,0.9826192257007516
105,mask\faceMsak_louyixiao_0_0_11.jpg,0.9543609619140625,0.9217282076780153,0.854819920396078,0.866853711360504,0.984019668100799
106,mask\faceMsak_luhan_1_0_7.jpg,0.956573486328125,0.9461474417196488,0.8977986856752972,0.9023677181837869,0.9943918542677591
107,mask\faceMsak_lvyi_0_0_0.jpg,0.9692230224609375,0.9632932355456878,0.9291858301442966,0.9401776198934281,0.9875741632150453
108,mask\faceMsak_maguoming_0_0_2.jpg,0.96405029296875,0.9565522074281709,0.9167226326393553,0.9234795613160518,0.9920817075969703
109,mask\faceMsak_masu_1_0_4.jpg,0.9592437744140625,0.9401510228775012,0.887061310782241,0.8923816410736314,0.9933238636363636
110,mask\faceMsak_matianyu_0_0_23.jpg,0.94781494140625,0.9325630003549316,0.8736468762699967,0.931167552667848,0.9339626367550061
111,mask\faceMsak_matianyu_0_0_24.jpg,0.9529876708984375,0.9334341579345361,0.8751772474982782,0.897652191980054,0.9721872187218722
112,mask\faceMsak_matianyu_1_0_16.jpg,0.954193115234375,0.9193661026054257,0.8507655597534302,0.864911305402537,0.9811385656137133
113,mask\faceMsak_nieyuan_0_0_10.jpg,0.9615325927734375,0.9454977840233488,0.896629489913072,0.9045668900471581,0.9903084099452018
114,mask\faceMsak_nini_1_0_1.jpg,0.95855712890625,0.9377948788420136,0.8828755013152788,0.8899756564075813,0.9910446316197115
115,mask\faceMsak_oudi_0_1_0.jpg,0.9603729248046875,0.9241153610145224,0.8589353612167301,0.8798686846205208,0.9730478124423112
116,mask\faceMsak_pengyuyan_0_0_eb49cac2e9ff8bf0906bba0b1c5a5333.jpg,0.964385986328125,0.9577724706904038,0.9189667742943444,0.9329925978145929,0.9839045424132035
117,mask\faceMsak_piaoxiaomin_0_0_682b06c1gy1fr21sa4jdnj20rs15onjc.jpg,0.954742431640625,0.9542368697154849,0.9124789754787689,0.9171881951653567,0.9944046049458147
118,mask\faceMsak_piaoxinhui_0_0_0.jpg,0.95867919921875,0.9535569733141249,0.9112363970106202,0.917643175441492,0.9923963873915682
119,mask\faceMsak_piaoyoutian_0_0_1.jpg,0.968841552734375,0.9610988341080545,0.9251109399640591,0.9332568722483259,0.9906531045045752
120,mask\faceMsak_qiaoxin_0_0_25.jpg,0.9537200927734375,0.930685376054117,0.8703569138704852,0.8812429671946681,0.9860055203137863
121,mask\faceMsak_qiwei_1_0_4.jpg,0.958343505859375,0.9288580809923386,0.8671662125340599,0.8735846282044998,0.9915985088744227
122,mask\faceMsak_shenmengchen_0_0_4.jpg,0.9603271484375,0.9053857350800583,0.8271276595744681,0.8472960087181582,0.972026879199875
123,mask\faceMsak_shenmengchen_0_0_8.jpg,0.9453125,0.9257386763913636,0.8617443968676465,0.8699326297753027,0.9891954124784129
124,mask\faceMsak_songxiaobo_0_0_5495a3d7gy1gaph1hi8cuj22yo1o0qv5.jpg,0.94183349609375,0.9238909076388612,0.8585476269991466,0.861135923775495,0.9965113274183823
125,mask\faceMsak_songzhongji_0_0_15.jpg,0.9571685791015625,0.946813953047729,0.8989997121473805,0.9501083773814504,0.9435422960725075
126,mask\faceMsak_songzhongji_0_0_16.jpg,0.909271240234375,0.8002150393118742,0.6669653859079198,0.7052413384660942,0.9247495534674225
127,mask\faceMsak_t1_0_1.jpg,0.9560089111328125,0.96376000905057,0.9300548304138968,0.9389159665923731,0.989954550149778
128,mask\faceMsak_t1_14_1.jpg,0.953338623046875,0.9101856203007518,0.835174904328141,0.8435407479993468,0.9882645576886281
129,mask\faceMsak_t1_19_1.jpg,0.9626312255859375,0.9558221340308469,0.9153824891161634,0.9340031729243786,0.978684891023273
130,mask\faceMsak_t1_30_1.jpg,0.963409423828125,0.9428339849337274,0.8918504487439679,0.9022676461194507,0.9872198092955918
131,mask\faceMsak_t1_31_1.jpg,0.9604644775390625,0.9478829327164839,0.9009291477077199,0.9106790863061879,0.98825601879037
132,mask\faceMsak_t1_33_1.jpg,0.9552154541015625,0.9291182650276524,0.8676198637860268,0.876555023923445,0.9883876271708971
133,mask\faceMsak_t1_42_1.jpg,0.954803466796875,0.939715879024708,0.886286855036855,0.8926610470961256,0.9920075627363355
134,mask\faceMsak_t1_54_1.jpg,0.959930419921875,0.9445429971278932,0.8949137620553044,0.9056412748552222,0.9869367580210954
135,mask\faceMsak_t1_5851_1_2.jpg,0.965423583984375,0.9639997458057956,0.9305014568317743,0.9532172929496041,0.9750289240262244
136,mask\faceMsak_t1_5864_0_1.jpg,0.9640350341796875,0.9495299886512066,0.903909657955889,0.9142715764298379,0.9876169265033408
137,mask\faceMsak_t1_5905_1_2.jpg,0.967864990234375,0.9631199215466517,0.9288633676743794,0.9376363884342608,0.990027361751152
138,mask\faceMsak_t1_5910_1_2.jpg,0.96881103515625,0.9644138027090079,0.9312733263844525,0.9520159488536761,0.9771388251896278
139,mask\faceMsak_t1_6203_0_1.jpg,0.9622039794921875,0.9528325240407503,0.9099141693337213,0.93644496013774,0.9698038607644004
140,mask\faceMsak_t1_6205_0_1.jpg,0.9652252197265625,0.9475283770404991,0.9002887644382219,0.9161212768799252,0.9811653633415983
141,mask\faceMsak_t1_6206_0_1.jpg,0.94952392578125,0.9551591389687144,0.9141670991177997,0.9459270794179241,0.9645731807479604
142,mask\faceMsak_t1_6227_0_1.jpg,0.962432861328125,0.9526720492118416,0.9096215263756837,0.9190682838173658,0.9888263697673491
143,mask\faceMsak_t1_6228_0_1.jpg,0.9492950439453125,0.9269975175201564,0.8639285860529872,0.8743835219031042,0.9863487611033193
144,mask\faceMsak_t1_63_1.jpg,0.962432861328125,0.944761050033655,0.8953053240346998,0.9107977158677972,0.981355458189615
145,mask\faceMsak_t1_6_1.jpg,0.9611663818359375,0.9329398434823851,0.87430857368629,0.8908962810125308,0.9791482300884956
146,mask\faceMsak_t1_ArifAlvi_0002.jpg,0.9726104736328125,0.901735369792522,0.8210547303359585,0.8309958631823227,0.9856390617520344
147,mask\faceMsak_t1_BrodyJenner_0002.jpg,0.9636993408203125,0.9183119870892422,0.848961970668529,0.8701763519229517,0.9720849084036057
148,mask\faceMsak_t1_CarrieLam_0002.jpg,0.9747314453125,0.9290731540174748,0.8675411934090546,0.88408868601239,0.9788808664259928
149,mask\faceMsak_t1_CharlieBaker_0004.jpg,0.961822509765625,0.9391625735544424,0.8853030164114789,0.8989851969090401,0.9830991651394828
150,mask\faceMsak_t1_FloydMayweather_0002.jpg,0.9729461669921875,0.943294847602904,0.8926755447941889,0.9159627329192547,0.9723083009164634
151,mask\faceMsak_t1_GaryHerbert_0002.jpg,0.9451446533203125,0.8169831492134603,0.6905929942335829,0.699808128379557,0.9812889812889813
152,mask\faceMsak_t1_ImranKhan_0003.jpg,0.974609375,0.8942552109811897,0.8087356321839081,0.8235018726591761,0.9783092324805339
153,mask\faceMsak_t1_JaredPolis_0002.jpg,0.9664459228515625,0.9319889895772122,0.8726398702652612,0.8846289337717238,0.9847068819031436
154,mask\faceMsak_t1_JaredPolis_0003.jpg,0.9770050048828125,0.9351186119602186,0.8781434462682947,0.8947845431325698,0.9792605951307484
155,mask\faceMsak_t1_JaredPolis_0007.jpg,0.96826171875,0.9366973035486031,0.8809319365733586,0.8967426140667794,0.9803784162578837
156,mask\faceMsak_t1_JustinTrudeau_0002.jpg,0.96710205078125,0.9222502704652003,0.8557183965736466,0.8649215367965368,0.9877182141201916
157,mask\faceMsak_t1_KyriakosMitsotakis_0002.jpg,0.9794464111328125,0.9146009002726179,0.8426401869158878,0.8770671206225681,0.9554907934825805
158,mask\faceMsak_t1_PhilMurphy_0005.jpg,0.98236083984375,0.9408756137479543,0.8883523276028588,0.906921711693946,0.9774707757704569
159,mask\faceMsak_t1_RonDesantis_0001.jpg,0.97845458984375,0.9312493913720907,0.8713439635535307,0.8992853112657514,0.9655694668820679
160,mask\faceMsak_t1_SimonCowell_0002.jpg,0.9770355224609375,0.909299102030977,0.8336832799204332,0.8502197678350051,0.9772020725388602
161,mask\faceMsak_t1_ZuzanaCaputova_0004.jpg,0.975555419921875,0.9282193744959226,0.8660535117056856,0.8893277238773933,0.9706681660575391
162,mask\faceMsak_zhanghanyun_0_0_4.jpg,0.956817626953125,0.9430812550281577,0.8922930542340628,0.9092143023346002,0.9795688142391576
163,mask\faceMsak_zhangliangying_0_0_1.jpg,0.9548492431640625,0.9440145308686356,0.8939654554576076,0.9056487330283889,0.9857746868455368
164,mask\faceMsak_zhangruoyun_0_0_11.jpg,0.9587554931640625,0.9450218651479712,0.8957738875607311,0.910983882984981,0.9817021636240704
165,mask\faceMsak_zhangruoyun_0_0_15.jpg,0.9695892333984375,0.9641256412564125,0.9307360811844025,0.9482013879053959,0.9805938998938156
166,mask\faceMsak_zhangruoyun_0_0_30.jpg,0.9661407470703125,0.9614937442518263,0.9258429970256993,0.9473396252222678,0.9760772293274143
167,mask\faceMsak_zhangtianai_0_0_13.jpg,0.9590301513671875,0.9381749522208662,0.8835494643709069,0.8970102593456916,0.9832995462882518
168,mask\faceMsak_zhangtianai_0_0_5.jpg,0.9655914306640625,0.9579079013682266,0.9192161639320771,0.9363573331387074,0.9804738249904471
169,mask\faceMsak_zhangxueying_0_0_1.jpg,0.9692535400390625,0.9484113776594383,0.901884403759069,0.9180669144981413,0.9808303325566617
170,mask\faceMsak_zhangxueying_0_0_9.jpg,0.8881683349609375,0.8674755438222157,0.765966279218291,0.7734498436139683,0.9875257307533964
171,mask\faceMsak_zhangyishan_0_0_1.jpg,0.9677886962890625,0.9443022611540592,0.894481655503349,0.915158023933722,0.9753638196980433
172,mask\faceMsak_zhangyixing_0_0_2.jpg,0.9305419921875,0.8802924314942407,0.7861806566771572,0.7967344218593803,0.9834302838004583
173,mask\faceMsak_zhangyixing_0_0_25.jpg,0.9595794677734375,0.9385995410611223,0.8843029350104822,0.8964005844069598,0.9849678925861063
174,mask\faceMsak_zhangyixing_0_0_33.jpg,0.968658447265625,0.9400956602893141,0.8869627428319851,0.9136103395499121,0.9681624316693699
175,mask\faceMsak_zhangyixing_0_0_4.jpg,0.96148681640625,0.9255808467979715,0.8614709110867179,0.8825414675288165,0.9730332899386275
176,mask\faceMsak_zhangyixing_0_0_41.jpg,0.9671783447265625,0.936189148298674,0.8800334634690463,0.8961267605633803,0.9800012421588721
177,mask\faceMsak_zhangyixing_0_0_52.jpg,0.973175048828125,0.9510224550064078,0.9066185063210453,0.9249945805332755,0.9785575048732943
178,mask\faceMsak_zhangyixing_0_0_6.jpg,0.9630279541015625,0.9248379191612122,0.8601846508944028,0.8765729742443843,0.9787275950364388
179,mask\faceMsak_zhangyixing_0_1_43.jpg,0.9544830322265625,0.9232471375273381,0.8574364366277958,0.8778256189451022,0.9736256580018451
180,mask\faceMsak_zhangyuxi_0_0_15.jpg,0.97100830078125,0.9672819947651192,0.936637097312079,0.9458795002189068,0.9896754642517355
181,mask\faceMsak_zhangyuxi_0_0_8.jpg,0.9773101806640625,0.9731922334997927,0.9477842545122551,0.9774035850081477,0.9690170173045164
182,mask\faceMsak_zhangyuxi_0_1_7.jpg,0.9710235595703125,0.968034070059084,0.9380484781261215,0.9584347188427053,0.9778276542202272
183,mask\faceMsak_zhangyuxi_1_0_24.jpg,0.965545654296875,0.9594249775381852,0.9220142294674311,0.9595974119338605,0.9592526051024075
184,mask\faceMsak_zhangzifeng_0_0_23.jpg,0.9493255615234375,0.9207455313462044,0.8531310808420308,0.8812297291124206,0.9639716170297822
185,mask\faceMsak_zhaojiamin_0_0_5.jpg,0.956695556640625,0.9345781466113416,0.8771907049201609,0.9209486166007905,0.948617155692826
186,mask\faceMsak_zhaoliying_0_0_14.jpg,0.9785919189453125,0.9791117661947086,0.9590783141315444,0.9714319477680285,0.9869139804309982
187,mask\faceMsak_zhaoliying_0_0_15.jpg,0.963623046875,0.9218360655737705,0.8550054737866439,0.8875,0.9589358799454297
188,mask\faceMsak_zhaoliying_0_0_16.jpg,0.9587554931640625,0.9389331947676388,0.8848954562875272,0.8972753573124919,0.984647460197119
189,mask\faceMsak_zhaoliying_0_1_9.jpg,0.97308349609375,0.9699376256859471,0.9416299923893982,0.9738877481177276,0.9660194174757282
190,mask\faceMsak_zhaoquan_0_0_0.jpg,0.9822998046875,0.974539069359087,0.9503424657534246,0.9621635678065271,0.9872370703072887
191,mask\faceMsak_zhaoyazhi_1_1_2.jpg,0.9630279541015625,0.9646818744989433,0.931773385143887,0.9401653550018467,0.990511254789272
192,mask\faceMsak_zhaoyihuan_0_0_1.jpg,0.966522216796875,0.9411859318035599,0.8889057673806269,0.9046171287230753,0.9808358475807353
193,mask\faceMsak_zhengshuang_0_0_2.jpg,0.969451904296875,0.9484578548993358,0.901968465380472,0.9313378501365153,0.9662190516156106
194,mask\faceMsak_zhengshuang_0_0_26.jpg,0.9555206298828125,0.9416638315755769,0.8897587171923456,0.9104523818737665,0.9750911803713528
195,mask\faceMsak_zhengshuang_0_0_8.jpg,0.9482269287109375,0.9498884934056033,0.9045596467047341,0.9695781951940181,0.9309825719414047
196,mask\faceMsak_zhoubichang_0_0_5.jpg,0.967254638671875,0.959468137347486,0.9220939519349451,0.9552822595810297,0.9636908601130629
197,mask\faceMsak_zhoubichang_1_1_4.jpg,0.9090728759765625,0.898145457653192,0.8151216182675602,0.9861867047032769,0.8245355259854381
198,mask\faceMsak_zhoudongyu_0_0_12.jpg,0.9656524658203125,0.9366218993721316,0.8807985596271977,0.8990324847305551,0.9774917724494593
199,mask\faceMsak_zhoudongyu_0_0_9.jpg,0.927642822265625,0.9156587933978373,0.8444378834104255,0.9721288568299407,0.8653891410321063
200,mask\faceMsak_zhoujielun_0_0_4.jpg,0.9601593017578125,0.9479662807150402,0.9010797499526425,0.9371896918590905,0.9589935889681868
201,mask\faceMsak_zhoujielun_0_0_6.jpg,0.9599609375,0.9556307067974298,0.9150314098827796,0.9684362041194009,0.9431594406061213
202,mask\faceMsak_zhouxun_0_0_15.jpg,0.9531402587890625,0.9467736624087908,0.8989270668773038,0.9373991831691664,0.9563375350140056
203,mask\faceMsak_zhouxun_0_0_2.jpg,0.9644012451171875,0.9527033875970564,0.9096786682152536,0.921378715394871,0.9862329485834208
204,mask\faceMsak_zhouyumin_0_0_18.jpg,0.9611968994140625,0.9629078603830279,0.9284689600855109,0.9391947645468772,0.9878494044412521
205,mask\faceMsak_zhouyumin_0_0_8.jpg,0.9691314697265625,0.9690383997306357,0.9399364626941006,0.95026264445445,0.9885710716962278
206,mask\faceMsak_zhouyumin_0_2_1.jpg,0.9607696533203125,0.9537764513403211,0.9116373384657684,0.9349335589157943,0.9733944954128441
207,mask\faceMsak_zhuyilong_0_0_8.jpg,0.97235107421875,0.9403790471176625,0.8874673953546144,0.9084551811824539,0.9746282908198063
208,mask\facemsak_tangwei_0_0_0.jpg,0.9648590087890625,0.9690436185227502,0.9399462828235416,0.9470337869791393,0.9921008449618803
209,mask\facemsak_tangwei_1_0_2.jpg,0.9582061767578125,0.9504046933565103,0.9054963254321499,0.9286624203821656,0.9731894537768384
210,mask\facemsak_tangyan_1_0_27.jpg,0.9736480712890625,0.9689516926451287,0.9397733217088056,0.9460085656111774,0.9930353392047757
211,mask\facemsak_tangyan_1_0_9.jpg,0.9568634033203125,0.7930908292468711,0.657125530624621,0.8433997509339975,0.7484459179444675
212,mask\facemsak_tangyixin_0_0_16.jpg,0.9742279052734375,0.9563261189977503,0.916307417868292,0.9276612822313635,0.986818933774481
213,mask\facemsak_tangyuzhe_0_0_006YxAz9ly1fs0kromcawj31jk2bckjm.jpg,0.960235595703125,0.9276111111111112,0.8649950784852095,0.8721337163750327,0.9906259270246218
214,mask\facemsak_tianfuzhen_0_0_16.jpg,0.917327880859375,0.9110198719001478,0.8365808047294444,0.8988851438942183,0.9234867150562696
215,mask\facemsak_tianliang_0_1_26.jpg,0.9738311767578125,0.9512104918778983,0.9069603428633429,0.9176638489406082,0.9873028996633793
216,mask\facemsak_tianliang_0_1_38.jpg,0.95892333984375,0.9098881970944634,0.8346742000859793,0.8906874631365096,0.9299349982894287
217,mask\facemsak_tianliang_1_0_3.jpg,0.9602203369140625,0.9552069552069553,0.9142547033285094,0.9194257930076407,0.9938858695652174
218,mask\facemsak_wangfei_0_0_12.jpg,0.9654083251953125,0.9475462180985215,0.9003209778833048,0.9070612208735713,0.9918139985468637
219,mask\facemsak_wangjunkai_0_0_5.jpg,0.9486236572265625,0.9254709254709255,0.8612804878048781,0.8751622221291916,0.9819163926726162
220,mask\facemsak_wanglikun_0_0_3.jpg,0.9806365966796875,0.9790949376472333,0.9590460207835797,0.9675077323783168,0.9909630518874216
221,mask\facemsak_wangluodan_0_0_4.jpg,0.96221923828125,0.9592709567048295,0.92172978440918,0.9299314303938766,0.9905221320107348
222,mask\facemsak_wangluodan_1_0_0.jpg,0.9641265869140625,0.9492892733116197,0.903473476761373,0.9243856332703214,0.9755719099131052
223,mask\facemsak_wangqi_1_0_24.jpg,0.96917724609375,0.9697541400892402,0.9412841903322384,0.9521051393625779,0.9880698114358943
224,mask\facemsak_wangqing_0_0_1.jpg,0.9610137939453125,0.9545317032370579,0.913018315517124,0.9186162014043501,0.9933698792503148
225,mask\facemsak_wangqing_0_0_13.jpg,0.97100830078125,0.9622025940956472,0.9271584112866125,0.9328087634035331,0.9935091611206968
226,mask\facemsak_wangqing_0_0_28.jpg,0.929046630859375,0.8833592534992224,0.7910863509749304,0.7963457102799512,0.9917206420726556
227,mask\facemsak_wangyuan_0_0_5.jpg,0.962554931640625,0.9481972473190914,0.9014972102918155,0.9116333820425394,0.9878166783954961
228,mask\facemsak_wangziwen_0_0_11.jpg,0.9498291015625,0.947226502311248,0.8997438712038054,0.9059592889380124,0.9924326505902532
229,mask\facemsak_wangzuxian_0_0_18.jpg,0.971588134765625,0.9653052098084519,0.9329371510895011,0.9513368591156163,0.9796898638426627
230,mask\facemsak_wuqili_1_0_5.jpg,0.9683990478515625,0.9533821046707935,0.9109170681348934,0.9207791643114918,0.9883786054326519
231,mask\facemsak_wuyifan_0_0_0.jpg,0.9690093994140625,0.9589356841019835,0.9211108953194795,0.9302891216507787,0.9894025367156208
232,mask\facemsak_wuyifan_0_0_14.jpg,0.9718017578125,0.9674430076459605,0.9369390888926804,0.9422120037061186,0.9940624886861446
233,mask\facemsak_wuyifan_0_0_5.jpg,0.962493896484375,0.9478994446564076,0.900958981384479,0.9114997350291468,0.9873272398110124
234,mask\facemsak_wuyifan_0_0_6.jpg,0.9619903564453125,0.9512438589966923,0.9070210145198014,0.9201060204468005,0.9845630241886472
235,mask\facemsak_wuzhenyu_0_1_5.jpg,0.9646453857421875,0.9535792278564702,0.9112770438445338,0.917212672473599,0.9929486377101848
236,mask\facemsak_xiaoshenyang_0_0_2.jpg,0.9662933349609375,0.9644266228642286,0.9312972350947034,0.9420203227734608,0.9879247773012207
237,mask\facemsak_xin_1_1_663d85a4jw6dd814u9pyfj.jpg,0.9702606201171875,0.9713681303345038,0.9443301913738932,0.9659897735573412,0.9768067127577853
238,mask\facemsak_xiongdailin_0_0_029a1abd6d12da47ed187c8ae829cf66.jpg,0.9407958984375,0.906945510360706,0.8297349482183606,0.8323282123519831,0.9962590231308288
239,mask\facemsak_xiongdailin_0_0_c729ad7e2701a7bf6e05567ec90cd1ba.jpg,0.9634552001953125,0.9332218039871742,0.8748039728175641,0.8859653766742549,0.9858034872761545
240,mask\facemsak_xuweizhou_0_0_27.jpg,0.9542083740234375,0.9374439789048007,0.8822536979636677,0.9021102463291343,0.9756584371067818
241,mask\facemsak_xuweizhou_0_0_28.jpg,0.952362060546875,0.9424325121699365,0.8911322662761098,0.8993489354214323,0.9898516481388232
242,mask\facemsak_xuweizhou_1_0_2.jpg,0.9404754638671875,0.9265472895366134,0.8631468163480092,0.8955050045495906,0.9598189904033705
243,mask\facemsak_xuxidi_1_0_1.jpg,0.96673583984375,0.9475204622051036,0.9002744739249772,0.9167559509945498,0.980421461664923
244,mask\facemsak_xuxidi_1_0_19.jpg,0.9629058837890625,0.9641545879473303,0.9307900355871886,0.9486145364862905,0.980212268393596
245,mask\facemsak_yangmi_0_0_0.jpg,0.954620361328125,0.9346517248956273,0.8773203531061794,0.9008047437526472,0.9711415525114155
246,mask\facemsak_yangmi_0_0_11.jpg,0.9490203857421875,0.9438345801462553,0.893642759367141,0.9655362179266699,0.9230870408733682
247,mask\facemsak_yangqianhua_1_0_0.jpg,0.9436798095703125,0.9210363049012686,0.8536304873696317,0.856142862824643,0.9965740740740741
248,mask\facemsak_yangyang_0_0_1.jpg,0.96209716796875,0.9561750176429075,0.9160300182543438,0.9270929556262616,0.9871407234709118
249,mask\facemsak_yangyang_0_1_14.jpg,0.973876953125,0.9287972051239394,0.8670601025003882,0.8895084840277224,0.9717169959098425
250,mask\facemsak_yangyang_0_1_4.jpg,0.965576171875,0.9547024335394747,0.9133307721859393,0.923226282474467,0.9884006153078618
251,mask\facemsak_yangzi_0_0_13.jpg,0.95440673828125,0.9456094364351245,0.8968303293971411,0.9153187440532826,0.9779735682819384
252,mask\facemsak_yanni_0_0_15.jpg,0.9603424072265625,0.9274690927357463,0.864748126561199,0.8789738164506744,0.9816280718336484
253,mask\facemsak_yanni_0_0_9.jpg,0.9440765380859375,0.9375713288023575,0.882479317642532,0.8867729982278073,0.9945432205839838
254,mask\facemsak_yanyikuan_0_0_1.jpg,0.9728240966796875,0.9499367533380183,0.9046471784987686,0.9119710708117443,0.9912007977943333
255,mask\facemsak_yanyikuan_0_0_2.jpg,0.9633941650390625,0.952443255030231,0.9092044508364242,0.9192239993877708,0.9881535107564478
256,mask\facemsak_yanyikuan_0_0_3.jpg,0.965789794921875,0.9564050711674574,0.916452394261226,0.9347041161491392,0.9791376358641557
257,mask\facemsak_yaoming_0_0_2.jpg,0.96484375,0.9601701068353904,0.9233915211970075,0.9356805929919138,0.9859759994319393
258,mask\facemsak_yaoming_0_1_1.jpg,0.966552734375,0.9592489310280721,0.9216891143581866,0.934238638421148,0.9856351480420248
259,mask\facemsak_yinengjing_0_0_30.jpg,0.9680023193359375,0.9660289329164574,0.934290101212672,0.942858046358663,0.9903673686308377
260,mask\facemsak_yingcaier_0_0_4.jpg,0.9620208740234375,0.9574668056528648,0.9184041437188566,0.9475731439201759,0.9675692477723286
261,mask\facemsak_yiyangqianxi_0_0_17.jpg,0.9677734375,0.9651519651519651,0.9326509136133168,0.9414472413571107,0.9900812457684496
262,mask\facemsak_yiyangqianxi_0_0_28.jpg,0.97119140625,0.9700250849395102,0.9417948638900021,0.9445320471199332,0.9969324152334954
263,mask\facemsak_yiyangqianxi_1_0_23.jpg,0.9839324951171875,0.985472455610281,0.9713609660574413,0.9769140293771712,0.9941821623427235
264,mask\facemsak_yueyunpeng_0_0_6444def0ly1gbk9lvp4thj20ci0cgdfw.jpg,0.956024169921875,0.9448188711036226,0.8954091816367266,0.9063625009183749,0.9866831960329521
265,mask\facemsak_yueyunpeng_0_0_6444def0ly1gbk9lw5d0mj20go0b4jrn.jpg,0.9614410400390625,0.9270980584484897,0.8641032535627857,0.8745917700849118,0.9863114603155116
266,mask\facemsak_yuhaoming_0_0_22.jpg,0.9795989990234375,0.9716743289337091,0.9449091433516008,0.9499979286631592,0.9943630214205186
267,mask\facemsak_yumenglong_0_0_2.jpg,0.96319580078125,0.9574813143421239,0.9184308420696652,0.9289550196682059,0.9878150802022333
268,mask\facemsak_zhangbichen_0_0_3.jpg,0.98284912109375,0.9679735582402553,0.9379348426283821,0.9480381760339343,0.9887653530473253
269,mask\facemsak_zhangbichen_0_0_4.jpg,0.9676666259765625,0.9670640533441099,0.9362284820031299,0.9441847760106835,0.9910796775940616
270,mask\facemsak_zhangbo_0_0_1.jpg,0.9584808349609375,0.9572687155487852,0.9180396999909636,0.9323340471092078,0.983573756736696
271,mask\facemsak_zhangdansan_0_0_74b0deabjw1f8hqhk2j2ij21kw2dc4qp.jpg,0.9575042724609375,0.9452730452553596,0.896225360509744,0.9055381950980761,0.9886550476816837
272,mask\facemsak_zhangdansan_0_0_ab41fce2gy1fyq9t1i934j223u35s4qq.jpg,0.9678955078125,0.9687063093077908,0.9393117770919265,0.9516364699006429,0.9863997092142728
273,mask\facemsak_zhangguoli_1_1_1.jpg,0.9857177734375,0.9864414636266188,0.9732456767185936,0.9918725238872058,0.9810695556964214
